Mean,Variance 
1.40721,1.69897
