Mean,Variance 
0.448445,1.40141
