Mean,Variance 
0.579326,0.836221
