Mean,Variance 
0.62839,0.888022
