Mean,Variance 
0.087625,0.738677
