Mean,Variance 
2.35443,1.48189
