Mean,Variance 
0.899526,0.977023
