Mean,Variance 
0.699374,1.64421
